<?xml version="1.0"?>
<bindings>
  <mapping name="BodyDrop_Button_CQ" type="Button">
		<button id="IK_Pad_X_SQUARE" />
  </mapping>
  
  <mapping name="ToggleCrouch_Button_CQ" type="Button">
		<button id="IK_Pad_B_CIRCLE" />
  </mapping>
  
  <mapping name="QuickMelee_Button_CQ" type="Button">
		<button id="IK_Pad_RightThumb" />
  </mapping>

  <context name="Abilities" append="true">
		<action name="DropCarriedObject_CQ_0" map="BodyDrop_Button_CQ" />
    <action name="DropCarriedObject_CQ_1" map="BodyDrop_Button_CQ" />
    <action name="DropCarriedObject_CQ_2" map="BodyDrop_Button_CQ" />
    <action name="DropCarriedObject_CQ_3" map="BodyDrop_Button_CQ" />
    <action name="DropCarriedObject_CQ_4" map="BodyDrop_Button_CQ" />
    <action name="DropCarriedObject_CQ_5" map="BodyDrop_Button_CQ" />
    <action name="ToggleCrouch_CQ_0" map="ToggleCrouch_Button_CQ" />
    <action name="ToggleCrouch_CQ_1" map="ToggleCrouch_Button_CQ" />
    <action name="ToggleCrouch_CQ_2" map="ToggleCrouch_Button_CQ" />
    <action name="ToggleCrouch_CQ_3" map="ToggleCrouch_Button_CQ" />
    <action name="ToggleCrouch_CQ_4" map="ToggleCrouch_Button_CQ" />
    <action name="ToggleCrouch_CQ_5" map="ToggleCrouch_Button_CQ" />
    <action name="QuickMelee_CQ_0" map="QuickMelee_Button_CQ" />
    <action name="QuickMelee_CQ_1" map="QuickMelee_Button_CQ" />
    <action name="QuickMelee_CQ_2" map="QuickMelee_Button_CQ" />
    <action name="QuickMelee_CQ_3" map="QuickMelee_Button_CQ" />
    <action name="QuickMelee_CQ_4" map="QuickMelee_Button_CQ" />
    <action name="QuickMelee_CQ_5" map="QuickMelee_Button_CQ" />
  </context>

  <hold action="DropCarriedObject_CQ_0" timeout="0.01" />
  <hold action="DropCarriedObject_CQ_1" timeout="0.1" />
  <hold action="DropCarriedObject_CQ_2" timeout="0.2" />
  <hold action="DropCarriedObject_CQ_3" timeout="0.3" />
  <hold action="DropCarriedObject_CQ_4" timeout="0.4" />
  <hold action="DropCarriedObject_CQ_5" timeout="0.5" />
  
  <hold action="ToggleCrouch_CQ_0" timeout="0.01" />
  <hold action="ToggleCrouch_CQ_1" timeout="0.1" />
  <hold action="ToggleCrouch_CQ_2" timeout="0.2" />
  <hold action="ToggleCrouch_CQ_3" timeout="0.3" />
  <hold action="ToggleCrouch_CQ_4" timeout="0.4" />
  <hold action="ToggleCrouch_CQ_5" timeout="0.5" />
  
  <hold action="QuickMelee_CQ_0" timeout="0.01" />
  <hold action="QuickMelee_CQ_1" timeout="0.1" />
  <hold action="QuickMelee_CQ_2" timeout="0.2" />
  <hold action="QuickMelee_CQ_3" timeout="0.3" />
  <hold action="QuickMelee_CQ_4" timeout="0.4" />
  <hold action="QuickMelee_CQ_5" timeout="0.5" />
</bindings>